module name,license,repository
@babel/runtime@7.29.10,MIT,https://github.com/babel/babel
@emotion/cache@11.14.0,MIT,https://github.com/emotion-js/emotion.git#main
@emotion/hash@0.9.2,MIT,https://github.com/emotion-js/emotion.git#main
@emotion/is-prop-valid@1.2.1,MIT,https://github.com/emotion-js/emotion.git#main
@emotion/memoize@0.8.1,MIT,https://github.com/emotion-js/emotion.git#main
@emotion/memoize@0.9.0,MIT,https://github.com/emotion-js/emotion.git#main
@emotion/react@11.11.0,MIT,https://github.com/emotion-js/emotion.git#main
@emotion/serialize@1.3.3,MIT,https://github.com/emotion-js/emotion.git#main
@emotion/sheet@1.4.0,MIT,https://github.com/emotion-js/emotion.git#main
@emotion/styled@11.11.0,MIT,https://github.com/emotion-js/emotion.git#main
@emotion/unitless@0.10.0,MIT,https://github.com/emotion-js/emotion.git#main
@emotion/use-insertion-effect-with-fallbacks@1.0.1,MIT,https://github.com/emotion-js/emotion.git#main
@emotion/utils@1.4.2,MIT,https://github.com/emotion-js/emotion.git#main
@floating-ui/core@1.6.9,MIT,https://github.com/floating-ui/floating-ui
@floating-ui/dom@1.6.13,MIT,https://github.com/floating-ui/floating-ui
@floating-ui/react-dom@2.1.2,MIT,https://github.com/floating-ui/floating-ui
@floating-ui/react@0.26.28,MIT,https://github.com/floating-ui/floating-ui
@floating-ui/utils@0.2.9,MIT,https://github.com/floating-ui/floating-ui
@fontsource/great-vibes@5.3.0,OFL-1.1,https://github.com/fontsource/font-files
@fontsource/libre-baskerville@5.3.0,OFL-1.1,https://github.com/fontsource/font-files
@fontsource/montserrat@5.3.0,OFL-1.1,https://github.com/fontsource/font-files
@fontsource/source-sans-pro@5.3.0,OFL-1.1,https://github.com/fontsource/font-files
@fortawesome/fontawesome-svg-core@6.7.2,MIT,https://github.com/FortAwesome/Font-Awesome
@fortawesome/free-solid-svg-icons@6.7.2,(CC-BY-4.0 AND MIT),https://github.com/FortAwesome/Font-Awesome
@fortawesome/react-fontawesome@0.2.2,MIT,https://github.com/FortAwesome/react-fontawesome
@headlessui/react@2.2.0,MIT,https://github.com/tailwindlabs/headlessui
@heroicons/react@2.2.0,MIT,https://github.com/tailwindlabs/heroicons
@mapbox/geojson-rewind@0.5.2,ISC,https://github.com/mapbox/geojson-rewind
@mapbox/mapbox-gl-supported@2.0.1,BSD-3-Clause,https://github.com/mapbox/mapbox-gl-supported
@mapbox/point-geometry@0.1.0,ISC,https://github.com/mapbox/point-geometry
@mapbox/tiny-sdf@2.0.6,BSD-2-Clause,https://github.com/mapbox/tiny-sdf
@mapbox/unitbezier@0.0.1,BSD-2-Clause,https://github.com/mapbox/unitbezier
@mapbox/vector-tile@1.3.1,BSD-3-Clause,https://github.com/mapbox/vector-tile-js
@mapbox/whoots-js@3.1.0,ISC,https://github.com/mapbox/whoots-js
@mui/base@5.0.0-alpha.128,MIT,https://github.com/mui/material-ui
@mui/material@5.12.3,MIT,https://github.com/mui/material-ui
@mui/styled-engine@5.18.0,MIT,https://github.com/mui/material-ui
@mui/system@5.18.0,MIT,https://github.com/mui/material-ui
@mui/utils@5.17.1,MIT,https://github.com/mui/material-ui
@popperjs/core@2.11.7,MIT,https://github.com/popperjs/popper-core
@react-aria/focus@3.19.1,Apache-2.0,https://github.com/adobe/react-spectrum
@react-aria/interactions@3.23.0,Apache-2.0,https://github.com/adobe/react-spectrum
@react-aria/utils@3.27.0,Apache-2.0,https://github.com/adobe/react-spectrum
@remix-run/router@1.6.1,MIT,https://github.com/remix-run/react-router
@turf/area@6.5.0,MIT,https://github.com/Turfjs/turf
@turf/bbox-polygon@6.5.0,MIT,https://github.com/Turfjs/turf
@turf/bbox@6.5.0,MIT,https://github.com/Turfjs/turf
@turf/bezier-spline@6.5.0,MIT,https://github.com/Turfjs/turf
@turf/boolean-point-in-polygon@6.5.0,MIT,https://github.com/Turfjs/turf
@turf/center@6.5.0,MIT,https://github.com/Turfjs/turf
@turf/centroid@6.5.0,MIT,https://github.com/Turfjs/turf
@turf/envelope@6.5.0,MIT,https://github.com/Turfjs/turf
@turf/flatten@6.5.0,MIT,https://github.com/Turfjs/turf
@turf/great-circle@6.5.0,MIT,https://github.com/Turfjs/turf
@turf/helpers@6.5.0,MIT,https://github.com/Turfjs/turf
@turf/invariant@6.5.0,MIT,https://github.com/Turfjs/turf
@turf/isobands@6.5.0,MIT,https://github.com/Turfjs/turf
@turf/meta@6.5.0,MIT,https://github.com/Turfjs/turf
@turf/polygonize@6.5.0,MIT,https://github.com/Turfjs/turf
@turf/shortest-path@6.5.0,MIT,https://github.com/Turfjs/turf
@visx/bounds@3.12.0,MIT,https://github.com/airbnb/visx
@visx/tooltip@3.12.0,MIT,https://github.com/airbnb/visx
call-bind-apply-helpers@1.0.1,MIT,https://github.com/ljharb/call-bind-apply-helpers
call-bind@1.0.2,MIT,https://github.com/ljharb/call-bind
classnames@2.5.1,MIT,https://github.com/JedWatson/classnames
clsx@1.2.1,MIT,https://github.com/lukeed/clsx
clsx@2.1.1,MIT,https://github.com/lukeed/clsx
colorsys@1.0.22,ISC,
concaveman@1.2.1,ISC,https://github.com/mapbox/concaveman
csscolorparser@1.0.3,MIT,https://github.com/deanm/css-color-parser-js
d3-array@1.2.4,BSD-3-Clause,https://github.com/d3/d3-array
d3-array@2.12.1,BSD-3-Clause,https://github.com/d3/d3-array
d3-array@3.2.3,ISC,https://github.com/d3/d3-array
d3-axis@2.1.0,BSD-3-Clause,https://github.com/d3/d3-axis
d3-axis@3.0.0,ISC,https://github.com/d3/d3-axis
d3-brush@3.0.0,ISC,https://github.com/d3/d3-brush
d3-color@2.0.0,BSD-3-Clause,https://github.com/d3/d3-color
d3-color@3.1.0,ISC,https://github.com/d3/d3-color
d3-dispatch@2.0.0,BSD-3-Clause,https://github.com/d3/d3-dispatch
d3-dispatch@3.0.1,ISC,https://github.com/d3/d3-dispatch
d3-drag@2.0.0,BSD-3-Clause,https://github.com/d3/d3-drag
d3-drag@3.0.0,ISC,https://github.com/d3/d3-drag
d3-ease@2.0.0,BSD-3-Clause,https://github.com/d3/d3-ease
d3-ease@3.0.1,BSD-3-Clause,https://github.com/d3/d3-ease
d3-format@2.0.0,BSD-3-Clause,https://github.com/d3/d3-format
d3-format@3.1.0,ISC,https://github.com/d3/d3-format
d3-geo@1.7.1,BSD-3-Clause,https://github.com/d3/d3-geo
d3-geo@3.1.0,ISC,https://github.com/d3/d3-geo
d3-hierarchy@3.1.2,ISC,https://github.com/d3/d3-hierarchy
d3-interpolate@2.0.1,BSD-3-Clause,https://github.com/d3/d3-interpolate
d3-interpolate@3.0.1,ISC,https://github.com/d3/d3-interpolate
d3-scale@3.3.0,BSD-3-Clause,https://github.com/d3/d3-scale
d3-scale@4.0.2,ISC,https://github.com/d3/d3-scale
d3-selection@2.0.0,BSD-3-Clause,https://github.com/d3/d3-selection
d3-selection@3.0.0,ISC,https://github.com/d3/d3-selection
d3-simple-slider@1.10.4,BSD-3-Clause,https://github.com/johnwalley/d3-simple-slider
d3-time-format@3.0.0,BSD-3-Clause,https://github.com/d3/d3-time-format
d3-time-format@4.1.0,ISC,https://github.com/d3/d3-time-format
d3-time@2.1.1,BSD-3-Clause,https://github.com/d3/d3-time
d3-time@3.1.0,ISC,https://github.com/d3/d3-time
d3-timer@2.0.0,BSD-3-Clause,https://github.com/d3/d3-timer
d3-timer@3.0.1,ISC,https://github.com/d3/d3-timer
d3-transition@2.0.0,BSD-3-Clause,https://github.com/d3/d3-transition
d3-transition@3.0.1,ISC,https://github.com/d3/d3-transition
d3-voronoi@1.1.2,BSD-3-Clause,https://github.com/d3/d3-voronoi
d3-zoom@3.0.0,ISC,https://github.com/d3/d3-zoom
deep-equal@1.1.1,MIT,https://github.com/substack/node-deep-equal
define-properties@1.2.0,MIT,https://github.com/ljharb/define-properties
density-clustering@1.3.0,MIT,https://github.com/LukaszKrawczyk/density-clustering
dom-serializer@2.0.0,MIT,https://github.com/cheeriojs/dom-serializer
domelementtype@2.3.0,BSD-2-Clause,https://github.com/fb55/domelementtype
domhandler@5.0.3,BSD-2-Clause,https://github.com/fb55/domhandler
dunder-proto@1.0.1,MIT,https://github.com/es-shims/dunder-proto
earcut@2.2.4,ISC,https://github.com/mapbox/earcut
es-define-property@1.0.1,MIT,https://github.com/ljharb/es-define-property
es-errors@1.3.0,MIT,https://github.com/ljharb/es-errors
es-object-atoms@1.1.1,MIT,https://github.com/ljharb/es-object-atoms
function-bind@1.1.2,MIT,https://github.com/Raynos/function-bind
functions-have-names@1.2.3,MIT,https://github.com/inspect-js/functions-have-names
geojson-equality@0.1.6,MIT,https://github.com/geosquare/geojson-equality
geojson-rbush@3.2.0,MIT,
geojson-vt@3.2.1,ISC,https://github.com/mapbox/geojson-vt
get-intrinsic@1.2.7,MIT,https://github.com/ljharb/get-intrinsic
get-proto@1.0.1,MIT,https://github.com/ljharb/get-proto
gl-matrix@3.4.3,MIT,https://github.com/toji/gl-matrix
gopd@1.2.0,MIT,https://github.com/ljharb/gopd
grid-index@1.1.0,ISC,https://github.com/mapbox/grid-index
has-property-descriptors@1.0.0,MIT,https://github.com/inspect-js/has-property-descriptors
has-symbols@1.1.0,MIT,https://github.com/inspect-js/has-symbols
has-tostringtag@1.0.0,MIT,https://github.com/inspect-js/has-tostringtag
hasown@2.0.2,MIT,https://github.com/inspect-js/hasOwn
hoist-non-react-statics@3.3.2,BSD-3-Clause,https://github.com/mridgway/hoist-non-react-statics
html-to-react@1.6.0,MIT,https://github.com/aknuds1/html-to-react
ieee754@1.2.1,BSD-3-Clause,https://github.com/feross/ieee754
internmap@1.0.1,ISC,https://github.com/mbostock/internmap
internmap@2.0.3,ISC,https://github.com/mbostock/internmap
is-arguments@1.1.1,MIT,https://github.com/inspect-js/is-arguments
is-date-object@1.0.5,MIT,https://github.com/inspect-js/is-date-object
is-regex@1.1.4,MIT,https://github.com/inspect-js/is-regex
kdbush@3.0.0,ISC,https://github.com/mourner/kdbush
leaflet@1.9.3,BSD-2-Clause,https://github.com/Leaflet/Leaflet
lodash.camelcase@4.3.0,MIT,https://github.com/lodash/lodash
mapbox-gl@2.14.1,Custom: LICENSE.txt,https://github.com/mapbox/mapbox-gl-js
math-intrinsics@1.1.0,MIT,https://github.com/es-shims/math-intrinsics
mgrs@1.0.0,MIT,https://github.com/proj4js/mgrs
murmurhash-js@1.0.0,MIT,https://github.com/mikolalysenko/murmurhash-js
object-assign@4.1.1,MIT,https://github.com/sindresorhus/object-assign
object-is@1.1.5,MIT,https://github.com/es-shims/object-is
object-keys@1.1.1,MIT,https://github.com/ljharb/object-keys
pbf@3.2.1,BSD-3-Clause,https://github.com/mapbox/pbf
point-in-polygon@1.1.0,MIT,https://github.com/substack/point-in-polygon
polygon-clipping@0.15.3,MIT,https://github.com/mfogel/polygon-clipping
potpack@1.0.2,ISC,https://github.com/mapbox/potpack
potpack@2.0.0,ISC,https://github.com/mapbox/potpack
proj4@2.9.0,MIT,https://github.com/proj4js/proj4js
prop-types@15.8.1,MIT,https://github.com/facebook/prop-types
quickselect@1.1.1,ISC,
quickselect@2.0.0,ISC,
rbush@2.0.2,MIT,https://github.com/mourner/rbush
rbush@3.0.1,MIT,https://github.com/mourner/rbush
react-audio-player@0.17.0,MIT,https://github.com/justinmc/react-audio-player
react-country-flag@3.1.0,MIT,
react-dom@17.0.2,MIT,https://github.com/facebook/react
react-dom@18.2.0,MIT,https://github.com/facebook/react
react-is@16.13.1,MIT,https://github.com/facebook/react
react-is@18.2.0,MIT,https://github.com/facebook/react
react-is@19.3.0,MIT,https://github.com/react/react
react-leaflet-markercluster@3.0.0-rc1,MIT,https://github.com/YUzhva/react-leaflet-markercluster
react-map-gl@7.0.23,MIT,https://github.com/visgl/react-map-gl
react-router-dom@6.11.1,MIT,https://github.com/remix-run/react-router
react-router@6.11.1,MIT,https://github.com/remix-run/react-router
react-serialize@0.2.1,MIT,
react-transition-group@4.4.5,BSD-3-Clause,https://github.com/reactjs/react-transition-group
react-use-measure@2.1.7,MIT,https://github.com/pmndrs/react-use-measure
react@17.0.2,MIT,https://github.com/facebook/react
react@18.2.0,MIT,https://github.com/facebook/react
regexp.prototype.flags@1.5.0,MIT,https://github.com/es-shims/RegExp.prototype.flags
robust-predicates@2.0.4,Unlicense,
robust-predicates@3.0.1,Unlicense,https://github.com/mourner/robust-predicates
scheduler@0.20.2,MIT,https://github.com/facebook/react
scheduler@0.23.0,MIT,https://github.com/facebook/react
skmeans@0.9.7,MIT,https://github.com/solzimer/skmeans
stylis@4.2.0,MIT,https://github.com/thysultan/stylis.js
supercluster@7.1.5,ISC,https://github.com/mapbox/supercluster
tinyqueue@2.0.3,ISC,https://github.com/mourner/tinyqueue
topojson-server@3.0.1,ISC,https://github.com/topojson/topojson-server
turf-jsts@1.2.3,UNKNOWN,https://github.com/DenisCarriere/turf-jsts
use-resize-observer@9.1.0,MIT,https://github.com/ZeeCoder/use-resize-observer
vt-pbf@3.1.3,MIT,https://github.com/mapbox/vt-pbf
wkt-parser@1.3.2,MIT,https://github.com/proj4js/wkt-parser
